id,group_id,source_grid_id,target_grid_id,source_grid_x,source_grid_y,target_grid_x,target_grid_y,row_major,img_width,img_height,grid_square_width,verticals,horizontals
0,0,966,244,6,24,4,4,1,640,640,16,40,40
1,1,966,245,6,24,5,5,1,640,640,16,40,40
2,2,644,205,4,16,5,5,1,640,640,16,40,40
3,3,1364,204,4,34,4,4,1,640,640,16,40,40
4,4,1578,206,18,39,6,6,1,640,640,16,40,40
5,5,1526,244,6,38,4,4,1,640,640,16,40,40
6,6,643,246,3,16,6,6,1,640,640,16,40,40
7,7,1190,286,30,29,6,6,1,640,640,16,40,40
8,8,1342,285,22,33,5,5,1,640,640,16,40,40
9,9,1514,284,34,37,4,4,1,640,640,16,40,40
10,10,1518,247,38,37,7,7,1,640,640,16,40,40
11,11,1526,207,6,38,7,7,1,640,640,16,40,40
12,12,767,246,7,19,6,6,1,640,640,16,40,40
13,13,1366,287,6,34,7,7,1,640,640,16,40,40
14,14,1480,326,0,37,6,6,1,640,640,16,40,40
15,15,1126,324,6,28,4,4,1,640,640,16,40,40
16,16,1007,325,7,25,5,5,1,640,640,16,40,40
17,17,967,324,7,24,4,4,1,640,640,16,40,40
18,18,945,651,25,23,11,11,1,640,640,16,40,40
19,18,985,691,25,24,11,11,1,640,640,16,40,40
20,18,1025,731,25,25,11,11,1,640,640,16,40,40
21,18,1065,771,25,26,11,11,1,640,640,16,40,40
22,18,1105,811,25,27,11,11,1,640,640,16,40,40
23,18,1145,851,25,28,11,11,1,640,640,16,40,40
24,19,790,852,30,19,12,12,1,640,640,16,40,40
25,19,830,812,30,20,12,12,1,640,640,16,40,40
26,19,870,772,30,21,12,12,1,640,640,16,40,40
27,19,910,732,30,22,12,12,1,640,640,16,40,40
28,19,950,692,30,23,12,12,1,640,640,16,40,40
29,19,990,652,30,24,12,12,1,640,640,16,40,40
30,20,705,611,25,17,11,11,1,640,640,16,40,40
31,20,706,612,26,17,12,12,1,640,640,16,40,40
32,21,949,327,29,23,7,7,1,640,640,16,40,40
33,22,645,288,5,16,8,8,1,640,640,16,40,40
34,23,1519,328,39,37,8,8,1,640,640,16,40,40
35,24,907,248,27,22,8,8,1,640,640,16,40,40
36,25,1087,208,7,27,8,8,1,640,640,16,40,40
37,26,1006,329,6,25,9,9,1,640,640,16,40,40
38,26,1046,249,6,26,9,9,1,640,640,16,40,40
39,26,1086,209,6,27,9,9,1,640,640,16,40,40
40,26,1126,289,6,28,9,9,1,640,640,16,40,40
41,27,1006,724,6,25,4,4,1,640,640,16,40,40
42,27,1046,644,6,26,4,4,1,640,640,16,40,40
43,27,1086,604,6,27,4,4,1,640,640,16,40,40
44,27,1126,684,6,28,4,4,1,640,640,16,40,40
45,28,1006,764,6,25,4,4,1,640,640,16,40,40
46,28,1046,804,6,26,4,4,1,640,640,16,40,40
47,28,1086,844,6,27,4,4,1,640,640,16,40,40
48,28,1126,884,6,28,4,4,1,640,640,16,40,40
49,29,1006,884,6,25,4,4,1,640,640,16,40,40
50,29,1046,804,6,26,4,4,1,640,640,16,40,40
51,29,1086,764,6,27,4,4,1,640,640,16,40,40
52,29,1126,844,6,28,4,4,1,640,640,16,40,40
53,30,1006,1044,6,25,4,4,1,640,640,16,40,40
54,30,1046,964,6,26,4,4,1,640,640,16,40,40
55,30,1086,924,6,27,4,4,1,640,640,16,40,40
56,30,1126,1004,6,28,4,4,1,640,640,16,40,40
57,31,1428,249,28,35,9,9,1,640,640,16,40,40
58,32,643,364,3,16,4,4,1,640,640,16,40,40
59,33,1445,366,5,36,6,6,1,640,640,16,40,40
60,33,1446,365,6,36,5,5,1,640,640,16,40,40
61,34,1006,365,6,25,5,5,1,640,640,16,40,40
62,35,1490,367,10,37,7,7,1,640,640,16,40,40
63,36,1006,1005,6,25,5,5,1,640,640,16,40,40
64,36,1046,925,6,26,5,5,1,640,640,16,40,40
65,36,1086,885,6,27,5,5,1,640,640,16,40,40
66,36,1126,965,6,28,5,5,1,640,640,16,40,40
67,37,1006,845,6,25,5,5,1,640,640,16,40,40
68,37,1046,765,6,26,5,5,1,640,640,16,40,40
69,37,1086,725,6,27,5,5,1,640,640,16,40,40
70,37,1126,805,6,28,5,5,1,640,640,16,40,40
71,38,1006,685,6,25,5,5,1,640,640,16,40,40
72,38,1046,605,6,26,5,5,1,640,640,16,40,40
73,38,1086,565,6,27,5,5,1,640,640,16,40,40
74,38,1126,645,6,28,5,5,1,640,640,16,40,40
75,39,1006,726,6,25,6,6,1,640,640,16,40,40
76,39,1046,646,6,26,6,6,1,640,640,16,40,40
77,39,1086,606,6,27,6,6,1,640,640,16,40,40
78,39,1126,686,6,28,6,6,1,640,640,16,40,40
79,40,1006,886,6,25,6,6,1,640,640,16,40,40
80,40,1046,806,6,26,6,6,1,640,640,16,40,40
81,40,1086,766,6,27,6,6,1,640,640,16,40,40
82,40,1126,846,6,28,6,6,1,640,640,16,40,40
83,41,1006,1086,6,25,6,6,1,640,640,16,40,40
84,41,1046,1006,6,26,6,6,1,640,640,16,40,40
85,41,1086,966,6,27,6,6,1,640,640,16,40,40
86,41,1126,1046,6,28,6,6,1,640,640,16,40,40
87,42,1006,1046,6,25,6,6,1,640,640,16,40,40
88,42,1046,966,6,26,6,6,1,640,640,16,40,40
89,42,1086,926,6,27,6,6,1,640,640,16,40,40
90,42,1126,1006,6,28,6,6,1,640,640,16,40,40
91,43,1560,1086,0,39,6,6,1,640,640,16,40,40
92,44,1589,1086,29,39,6,6,1,640,640,16,40,40
93,45,1226,1086,26,30,6,6,1,640,640,16,40,40
94,46,827,1084,27,20,4,4,1,640,640,16,40,40
95,47,827,1086,27,20,6,6,1,640,640,16,40,40
96,48,827,1085,27,20,5,5,1,640,640,16,40,40
97,49,1006,1007,6,25,7,7,1,640,640,16,40,40
98,49,1046,927,6,26,7,7,1,640,640,16,40,40
99,49,1086,887,6,27,7,7,1,640,640,16,40,40
100,49,1126,967,6,28,7,7,1,640,640,16,40,40
101,50,1006,847,6,25,7,7,1,640,640,16,40,40
102,50,1046,767,6,26,7,7,1,640,640,16,40,40
103,50,1086,727,6,27,7,7,1,640,640,16,40,40
104,50,1126,807,6,28,7,7,1,640,640,16,40,40
105,51,1006,687,6,25,7,7,1,640,640,16,40,40
106,51,1046,607,6,26,7,7,1,640,640,16,40,40
107,51,1086,567,6,27,7,7,1,640,640,16,40,40
108,51,1126,647,6,28,7,7,1,640,640,16,40,40
109,52,1126,608,6,28,8,8,1,640,640,16,40,40
110,52,1086,688,6,27,8,8,1,640,640,16,40,40
111,52,1046,728,6,26,8,8,1,640,640,16,40,40
112,52,1006,648,6,25,8,8,1,640,640,16,40,40
113,53,1006,888,6,25,8,8,1,640,640,16,40,40
114,53,1046,808,6,26,8,8,1,640,640,16,40,40
115,53,1086,768,6,27,8,8,1,640,640,16,40,40
116,53,1126,848,6,28,8,8,1,640,640,16,40,40
117,54,1006,1048,6,25,8,8,1,640,640,16,40,40
118,54,1046,968,6,26,8,8,1,640,640,16,40,40
119,54,1086,928,6,27,8,8,1,640,640,16,40,40
120,54,1126,1008,6,28,8,8,1,640,640,16,40,40
121,55,1006,689,6,25,9,9,1,640,640,16,40,40
122,55,1046,609,6,26,9,9,1,640,640,16,40,40
123,55,1086,569,6,27,9,9,1,640,640,16,40,40
124,55,1126,649,6,28,9,9,1,640,640,16,40,40
125,56,1006,849,6,25,9,9,1,640,640,16,40,40
126,56,1046,769,6,26,9,9,1,640,640,16,40,40
127,56,1086,729,6,27,9,9,1,640,640,16,40,40
128,56,1126,809,6,28,9,9,1,640,640,16,40,40
129,57,1006,1009,6,25,9,9,1,640,640,16,40,40
130,57,1046,929,6,26,9,9,1,640,640,16,40,40
131,57,1086,889,6,27,9,9,1,640,640,16,40,40
132,57,1126,969,6,28,9,9,1,640,640,16,40,40
133,58,1006,730,6,25,10,10,1,640,640,16,40,40
134,58,1046,650,6,26,10,10,1,640,640,16,40,40
135,58,1086,610,6,27,10,10,1,640,640,16,40,40
136,58,1126,690,6,28,10,10,1,640,640,16,40,40
137,59,1006,890,6,25,10,10,1,640,640,16,40,40
138,59,1046,810,6,26,10,10,1,640,640,16,40,40
139,59,1086,770,6,27,10,10,1,640,640,16,40,40
140,59,1126,850,6,28,10,10,1,640,640,16,40,40
141,60,1006,1050,6,25,10,10,1,640,640,16,40,40
142,60,1046,970,6,26,10,10,1,640,640,16,40,40
143,60,1086,930,6,27,10,10,1,640,640,16,40,40
144,60,1126,1010,6,28,10,10,1,640,640,16,40,40
145,61,843,328,3,21,8,8,1,640,640,16,40,40
146,62,767,328,7,19,8,8,1,640,640,16,40,40
147,63,843,368,3,21,8,8,1,640,640,16,40,40
148,64,811,516,11,20,36,36,1,640,640,16,40,40
149,64,812,517,12,20,37,37,1,640,640,16,40,40
150,64,813,518,13,20,38,38,1,640,640,16,40,40
151,64,814,519,14,20,39,39,1,640,640,16,40,40
152,64,851,476,11,21,36,36,1,640,640,16,40,40
153,64,852,477,12,21,37,37,1,640,640,16,40,40
154,64,853,478,13,21,38,38,1,640,640,16,40,40
155,64,854,479,14,21,39,39,1,640,640,16,40,40
156,64,891,436,11,22,36,36,1,640,640,16,40,40
157,64,892,437,12,22,37,37,1,640,640,16,40,40
158,64,893,438,13,22,38,38,1,640,640,16,40,40
159,64,894,439,14,22,39,39,1,640,640,16,40,40
160,64,931,396,11,23,36,36,1,640,640,16,40,40
161,64,932,397,12,23,37,37,1,640,640,16,40,40
162,64,933,398,13,23,38,38,1,640,640,16,40,40
163,64,934,399,14,23,39,39,1,640,640,16,40,40
164,64,971,356,11,24,36,36,1,640,640,16,40,40
165,64,972,357,12,24,37,37,1,640,640,16,40,40
166,64,973,358,13,24,38,38,1,640,640,16,40,40
167,64,974,359,14,24,39,39,1,640,640,16,40,40
168,64,1011,316,11,25,36,36,1,640,640,16,40,40
169,64,1012,317,12,25,37,37,1,640,640,16,40,40
170,64,1013,318,13,25,38,38,1,640,640,16,40,40
171,64,1014,319,14,25,39,39,1,640,640,16,40,40
172,64,1051,276,11,26,36,36,1,640,640,16,40,40
173,64,1052,277,12,26,37,37,1,640,640,16,40,40
174,64,1053,278,13,26,38,38,1,640,640,16,40,40
175,64,1054,279,14,26,39,39,1,640,640,16,40,40
176,64,1091,236,11,27,36,36,1,640,640,16,40,40
177,64,1092,237,12,27,37,37,1,640,640,16,40,40
178,64,1093,238,13,27,38,38,1,640,640,16,40,40
179,64,1094,239,14,27,39,39,1,640,640,16,40,40
180,64,1131,196,11,28,36,36,1,640,640,16,40,40
181,64,1132,197,12,28,37,37,1,640,640,16,40,40
182,64,1133,198,13,28,38,38,1,640,640,16,40,40
183,64,1134,199,14,28,39,39,1,640,640,16,40,40
184,64,771,556,11,19,36,36,1,640,640,16,40,40
185,64,772,557,12,19,37,37,1,640,640,16,40,40
186,64,773,558,13,19,38,38,1,640,640,16,40,40
187,64,774,559,14,19,39,39,1,640,640,16,40,40
188,64,731,596,11,18,36,36,1,640,640,16,40,40
189,64,732,597,12,18,37,37,1,640,640,16,40,40
190,64,733,598,13,18,38,38,1,640,640,16,40,40
191,64,734,599,14,18,39,39,1,640,640,16,40,40
192,64,691,636,11,17,36,36,1,640,640,16,40,40
193,64,692,637,12,17,37,37,1,640,640,16,40,40
194,64,693,638,13,17,38,38,1,640,640,16,40,40
195,64,694,639,14,17,39,39,1,640,640,16,40,40
196,64,651,676,11,16,36,36,1,640,640,16,40,40
197,64,652,677,12,16,37,37,1,640,640,16,40,40
198,64,653,678,13,16,38,38,1,640,640,16,40,40
199,64,654,679,14,16,39,39,1,640,640,16,40,40
200,64,611,716,11,15,36,36,1,640,640,16,40,40
201,64,612,717,12,15,37,37,1,640,640,16,40,40
202,64,613,718,13,15,38,38,1,640,640,16,40,40
203,64,614,719,14,15,39,39,1,640,640,16,40,40
204,64,1171,156,11,29,36,36,1,640,640,16,40,40
205,64,1172,157,12,29,37,37,1,640,640,16,40,40
206,64,1173,158,13,29,38,38,1,640,640,16,40,40
207,64,1174,159,14,29,39,39,1,640,640,16,40,40
208,64,1211,116,11,30,36,36,1,640,640,16,40,40
209,64,1212,117,12,30,37,37,1,640,640,16,40,40
210,64,1213,118,13,30,38,38,1,640,640,16,40,40
211,64,1214,119,14,30,39,39,1,640,640,16,40,40
212,64,1251,76,11,31,36,36,1,640,640,16,40,40
213,64,1252,77,12,31,37,37,1,640,640,16,40,40
214,64,1253,78,13,31,38,38,1,640,640,16,40,40
215,64,1254,79,14,31,39,39,1,640,640,16,40,40
216,64,1294,39,14,32,39,39,1,640,640,16,40,40
217,64,1293,38,13,32,38,38,1,640,640,16,40,40
218,64,1292,37,12,32,37,37,1,640,640,16,40,40
219,64,1291,36,11,32,36,36,1,640,640,16,40,40
220,64,571,756,11,14,36,36,1,640,640,16,40,40
221,64,572,757,12,14,37,37,1,640,640,16,40,40
222,64,573,758,13,14,38,38,1,640,640,16,40,40
223,64,574,759,14,14,39,39,1,640,640,16,40,40
224,64,531,796,11,13,36,36,1,640,640,16,40,40
225,64,532,797,12,13,37,37,1,640,640,16,40,40
226,64,533,798,13,13,38,38,1,640,640,16,40,40
227,64,534,799,14,13,39,39,1,640,640,16,40,40
228,64,491,836,11,12,36,36,1,640,640,16,40,40
229,64,492,837,12,12,37,37,1,640,640,16,40,40
230,64,493,838,13,12,38,38,1,640,640,16,40,40
231,64,494,839,14,12,39,39,1,640,640,16,40,40
232,65,491,836,11,12,36,36,1,640,640,16,40,40
233,65,531,796,11,13,36,36,1,640,640,16,40,40
234,65,571,756,11,14,36,36,1,640,640,16,40,40
235,65,611,716,11,15,36,36,1,640,640,16,40,40
236,65,651,676,11,16,36,36,1,640,640,16,40,40
237,65,691,636,11,17,36,36,1,640,640,16,40,40
238,65,731,596,11,18,36,36,1,640,640,16,40,40
239,65,771,556,11,19,36,36,1,640,640,16,40,40
240,65,811,516,11,20,36,36,1,640,640,16,40,40
241,65,851,476,11,21,36,36,1,640,640,16,40,40
242,65,891,436,11,22,36,36,1,640,640,16,40,40
243,65,931,396,11,23,36,36,1,640,640,16,40,40
244,65,971,356,11,24,36,36,1,640,640,16,40,40
245,65,1011,316,11,25,36,36,1,640,640,16,40,40
246,65,1051,276,11,26,36,36,1,640,640,16,40,40
247,65,1091,236,11,27,36,36,1,640,640,16,40,40
248,65,1131,196,11,28,36,36,1,640,640,16,40,40
249,65,1171,156,11,29,36,36,1,640,640,16,40,40
250,65,1211,116,11,30,36,36,1,640,640,16,40,40
251,65,1212,117,12,30,37,37,1,640,640,16,40,40
252,65,1252,77,12,31,37,37,1,640,640,16,40,40
253,65,1292,37,12,32,37,37,1,640,640,16,40,40
254,65,1291,36,11,32,36,36,1,640,640,16,40,40
255,65,492,837,12,12,37,37,1,640,640,16,40,40
256,65,532,797,12,13,37,37,1,640,640,16,40,40
257,65,572,757,12,14,37,37,1,640,640,16,40,40
258,65,612,717,12,15,37,37,1,640,640,16,40,40
259,65,652,677,12,16,37,37,1,640,640,16,40,40
260,65,692,637,12,17,37,37,1,640,640,16,40,40
261,65,732,597,12,18,37,37,1,640,640,16,40,40
262,65,772,557,12,19,37,37,1,640,640,16,40,40
263,65,812,517,12,20,37,37,1,640,640,16,40,40
264,65,852,477,12,21,37,37,1,640,640,16,40,40
265,65,892,437,12,22,37,37,1,640,640,16,40,40
266,65,932,397,12,23,37,37,1,640,640,16,40,40
267,65,972,357,12,24,37,37,1,640,640,16,40,40
268,65,1012,317,12,25,37,37,1,640,640,16,40,40
269,65,1052,277,12,26,37,37,1,640,640,16,40,40
270,65,1053,278,13,26,38,38,1,640,640,16,40,40
271,65,1093,238,13,27,38,38,1,640,640,16,40,40
272,65,1133,198,13,28,38,38,1,640,640,16,40,40
273,65,1173,158,13,29,38,38,1,640,640,16,40,40
274,65,1213,118,13,30,38,38,1,640,640,16,40,40
275,65,1172,157,12,29,37,37,1,640,640,16,40,40
276,65,1132,197,12,28,37,37,1,640,640,16,40,40
277,65,1092,237,12,27,37,37,1,640,640,16,40,40
278,65,493,838,13,12,38,38,1,640,640,16,40,40
279,65,533,798,13,13,38,38,1,640,640,16,40,40
280,65,573,758,13,14,38,38,1,640,640,16,40,40
281,65,613,718,13,15,38,38,1,640,640,16,40,40
282,65,653,678,13,16,38,38,1,640,640,16,40,40
283,65,693,638,13,17,38,38,1,640,640,16,40,40
284,65,733,598,13,18,38,38,1,640,640,16,40,40
285,65,773,558,13,19,38,38,1,640,640,16,40,40
286,65,813,518,13,20,38,38,1,640,640,16,40,40
287,65,853,478,13,21,38,38,1,640,640,16,40,40
288,65,893,438,13,22,38,38,1,640,640,16,40,40
289,65,933,398,13,23,38,38,1,640,640,16,40,40
290,65,973,358,13,24,38,38,1,640,640,16,40,40
291,65,974,359,14,24,39,39,1,640,640,16,40,40
292,65,1014,319,14,25,39,39,1,640,640,16,40,40
293,65,1054,279,14,26,39,39,1,640,640,16,40,40
294,65,1251,76,11,31,36,36,1,640,640,16,40,40
295,65,1293,38,13,32,38,38,1,640,640,16,40,40
296,65,1253,78,13,31,38,38,1,640,640,16,40,40
297,65,1294,39,14,32,39,39,1,640,640,16,40,40
298,65,1254,79,14,31,39,39,1,640,640,16,40,40
299,65,1214,119,14,30,39,39,1,640,640,16,40,40
300,65,1174,159,14,29,39,39,1,640,640,16,40,40
301,65,1134,199,14,28,39,39,1,640,640,16,40,40
302,65,1094,239,14,27,39,39,1,640,640,16,40,40
303,65,934,399,14,23,39,39,1,640,640,16,40,40
304,65,894,439,14,22,39,39,1,640,640,16,40,40
305,65,854,479,14,21,39,39,1,640,640,16,40,40
306,65,814,519,14,20,39,39,1,640,640,16,40,40
307,65,774,559,14,19,39,39,1,640,640,16,40,40
308,65,734,599,14,18,39,39,1,640,640,16,40,40
309,65,694,639,14,17,39,39,1,640,640,16,40,40
310,65,494,839,14,12,39,39,1,640,640,16,40,40
311,65,534,799,14,13,39,39,1,640,640,16,40,40
312,65,574,759,14,14,39,39,1,640,640,16,40,40
313,65,614,719,14,15,39,39,1,640,640,16,40,40
314,65,654,679,14,16,39,39,1,640,640,16,40,40
315,65,1013,318,13,25,38,38,1,640,640,16,40,40
316,66,494,822,14,12,22,22,1,640,640,16,40,40
317,66,534,782,14,13,22,22,1,640,640,16,40,40
318,66,574,742,14,14,22,22,1,640,640,16,40,40
319,66,614,702,14,15,22,22,1,640,640,16,40,40
320,66,654,662,14,16,22,22,1,640,640,16,40,40
321,66,694,622,14,17,22,22,1,640,640,16,40,40
322,66,734,582,14,18,22,22,1,640,640,16,40,40
323,66,774,542,14,19,22,22,1,640,640,16,40,40
324,66,814,502,14,20,22,22,1,640,640,16,40,40
325,66,854,462,14,21,22,22,1,640,640,16,40,40
326,66,894,422,14,22,22,22,1,640,640,16,40,40
327,66,934,382,14,23,22,22,1,640,640,16,40,40
328,66,974,342,14,24,22,22,1,640,640,16,40,40
329,66,1014,302,14,25,22,22,1,640,640,16,40,40
330,66,1054,262,14,26,22,22,1,640,640,16,40,40
331,66,1094,222,14,27,22,22,1,640,640,16,40,40
332,66,1134,182,14,28,22,22,1,640,640,16,40,40
333,66,1174,142,14,29,22,22,1,640,640,16,40,40
334,66,1214,102,14,30,22,22,1,640,640,16,40,40
335,66,1254,62,14,31,22,22,1,640,640,16,40,40
336,66,1294,22,14,32,22,22,1,640,640,16,40,40
337,67,493,823,13,12,23,23,1,640,640,16,40,40
338,67,533,783,13,13,23,23,1,640,640,16,40,40
339,67,573,743,13,14,23,23,1,640,640,16,40,40
340,67,613,703,13,15,23,23,1,640,640,16,40,40
341,67,653,663,13,16,23,23,1,640,640,16,40,40
342,67,693,623,13,17,23,23,1,640,640,16,40,40
343,67,733,583,13,18,23,23,1,640,640,16,40,40
344,67,773,543,13,19,23,23,1,640,640,16,40,40
345,67,813,503,13,20,23,23,1,640,640,16,40,40
346,67,853,463,13,21,23,23,1,640,640,16,40,40
347,67,893,423,13,22,23,23,1,640,640,16,40,40
348,67,933,383,13,23,23,23,1,640,640,16,40,40
349,67,973,343,13,24,23,23,1,640,640,16,40,40
350,67,1213,103,13,30,23,23,1,640,640,16,40,40
351,67,1253,63,13,31,23,23,1,640,640,16,40,40
352,67,1293,23,13,32,23,23,1,640,640,16,40,40
353,67,1013,303,13,25,23,23,1,640,640,16,40,40
354,67,1093,223,13,27,23,23,1,640,640,16,40,40
355,67,1173,143,13,29,23,23,1,640,640,16,40,40
356,67,1133,183,13,28,23,23,1,640,640,16,40,40
357,67,1053,263,13,26,23,23,1,640,640,16,40,40
358,68,492,821,12,12,21,21,1,640,640,16,40,40
359,68,532,781,12,13,21,21,1,640,640,16,40,40
360,68,572,741,12,14,21,21,1,640,640,16,40,40
361,68,612,701,12,15,21,21,1,640,640,16,40,40
362,68,652,661,12,16,21,21,1,640,640,16,40,40
363,68,692,621,12,17,21,21,1,640,640,16,40,40
364,68,732,581,12,18,21,21,1,640,640,16,40,40
365,68,772,541,12,19,21,21,1,640,640,16,40,40
366,68,812,501,12,20,21,21,1,640,640,16,40,40
367,68,852,461,12,21,21,21,1,640,640,16,40,40
368,68,892,421,12,22,21,21,1,640,640,16,40,40
369,68,932,381,12,23,21,21,1,640,640,16,40,40
370,68,972,341,12,24,21,21,1,640,640,16,40,40
371,68,1012,301,12,25,21,21,1,640,640,16,40,40
372,68,1052,261,12,26,21,21,1,640,640,16,40,40
373,68,1092,221,12,27,21,21,1,640,640,16,40,40
374,68,1132,181,12,28,21,21,1,640,640,16,40,40
375,68,1172,141,12,29,21,21,1,640,640,16,40,40
376,68,1212,101,12,30,21,21,1,640,640,16,40,40
377,68,1252,61,12,31,21,21,1,640,640,16,40,40
378,68,1292,21,12,32,21,21,1,640,640,16,40,40
379,69,491,820,11,12,20,20,1,640,640,16,40,40
380,69,531,780,11,13,20,20,1,640,640,16,40,40
381,69,571,740,11,14,20,20,1,640,640,16,40,40
382,69,611,700,11,15,20,20,1,640,640,16,40,40
383,69,651,660,11,16,20,20,1,640,640,16,40,40
384,69,691,620,11,17,20,20,1,640,640,16,40,40
385,69,731,580,11,18,20,20,1,640,640,16,40,40
386,69,771,540,11,19,20,20,1,640,640,16,40,40
387,69,811,500,11,20,20,20,1,640,640,16,40,40
388,69,851,460,11,21,20,20,1,640,640,16,40,40
389,69,891,420,11,22,20,20,1,640,640,16,40,40
390,69,931,380,11,23,20,20,1,640,640,16,40,40
391,69,971,340,11,24,20,20,1,640,640,16,40,40
392,69,1011,300,11,25,20,20,1,640,640,16,40,40
393,69,1051,260,11,26,20,20,1,640,640,16,40,40
394,69,1091,220,11,27,20,20,1,640,640,16,40,40
395,69,1131,180,11,28,20,20,1,640,640,16,40,40
396,69,1171,140,11,29,20,20,1,640,640,16,40,40
397,69,1211,100,11,30,20,20,1,640,640,16,40,40
398,69,1251,60,11,31,20,20,1,640,640,16,40,40
399,69,1291,20,11,32,20,20,1,640,640,16,40,40
400,70,491,839,11,12,39,39,1,640,640,16,40,40
401,70,531,799,11,13,39,39,1,640,640,16,40,40
402,70,571,759,11,14,39,39,1,640,640,16,40,40
403,70,611,719,11,15,39,39,1,640,640,16,40,40
404,70,651,679,11,16,39,39,1,640,640,16,40,40
405,70,691,639,11,17,39,39,1,640,640,16,40,40
406,70,731,599,11,18,39,39,1,640,640,16,40,40
407,70,771,559,11,19,39,39,1,640,640,16,40,40
408,70,811,519,11,20,39,39,1,640,640,16,40,40
409,70,851,479,11,21,39,39,1,640,640,16,40,40
410,70,891,439,11,22,39,39,1,640,640,16,40,40
411,70,931,399,11,23,39,39,1,640,640,16,40,40
412,70,971,359,11,24,39,39,1,640,640,16,40,40
413,70,1011,319,11,25,39,39,1,640,640,16,40,40
414,70,1051,279,11,26,39,39,1,640,640,16,40,40
415,70,1091,239,11,27,39,39,1,640,640,16,40,40
416,70,1131,199,11,28,39,39,1,640,640,16,40,40
417,70,1171,159,11,29,39,39,1,640,640,16,40,40
418,70,1211,119,11,30,39,39,1,640,640,16,40,40
419,70,1251,79,11,31,39,39,1,640,640,16,40,40
420,70,1291,39,11,32,39,39,1,640,640,16,40,40
421,71,979,613,19,24,13,13,1,640,640,16,40,40
422,71,1019,653,19,25,13,13,1,640,640,16,40,40
423,71,1059,693,19,26,13,13,1,640,640,16,40,40
424,71,1099,733,19,27,13,13,1,640,640,16,40,40
425,71,1139,773,19,28,13,13,1,640,640,16,40,40
426,71,1179,813,19,29,13,13,1,640,640,16,40,40
427,71,1219,853,19,30,13,13,1,640,640,16,40,40
428,72,827,1087,27,20,7,7,1,640,640,16,40,40
429,73,827,1088,27,20,8,8,1,640,640,16,40,40
430,74,827,1089,27,20,9,9,1,640,640,16,40,40
431,75,827,1090,27,20,10,10,1,640,640,16,40,40
432,76,761,1100,1,19,20,20,1,640,640,16,40,40
433,76,801,1140,1,20,20,20,1,640,640,16,40,40
434,76,841,1180,1,21,20,20,1,640,640,16,40,40
435,76,881,1220,1,22,20,20,1,640,640,16,40,40
436,76,921,1260,1,23,20,20,1,640,640,16,40,40
437,76,961,1300,1,24,20,20,1,640,640,16,40,40
438,76,1001,1340,1,25,20,20,1,640,640,16,40,40
439,76,1041,1380,1,26,20,20,1,640,640,16,40,40
440,76,1081,1420,1,27,20,20,1,640,640,16,40,40
441,77,761,184,1,19,24,24,1,640,640,16,40,40
442,77,801,64,1,20,24,24,1,640,640,16,40,40
443,77,841,224,1,21,24,24,1,640,640,16,40,40
444,77,881,144,1,22,24,24,1,640,640,16,40,40
445,77,921,304,1,23,24,24,1,640,640,16,40,40
446,77,961,104,1,24,24,24,1,640,640,16,40,40
447,77,1001,264,1,25,24,24,1,640,640,16,40,40
448,77,1041,24,1,26,24,24,1,640,640,16,40,40
449,77,1081,344,1,27,24,24,1,640,640,16,40,40
450,78,494,822,14,12,22,22,1,640,640,16,40,40
451,79,1006,1220,6,25,20,20,1,640,640,16,40,40
452,79,1046,1140,6,26,20,20,1,640,640,16,40,40
453,79,1086,1100,6,27,20,20,1,640,640,16,40,40
454,79,1126,1180,6,28,20,20,1,640,640,16,40,40
455,80,1006,1380,6,25,20,20,1,640,640,16,40,40
456,80,1046,1300,6,26,20,20,1,640,640,16,40,40
457,80,1086,1260,6,27,20,20,1,640,640,16,40,40
458,80,1126,1340,6,28,20,20,1,640,640,16,40,40
459,81,1006,1540,6,25,20,20,1,640,640,16,40,40
460,81,1046,1460,6,26,20,20,1,640,640,16,40,40
461,81,1086,1420,6,27,20,20,1,640,640,16,40,40
462,81,1126,1500,6,28,20,20,1,640,640,16,40,40
463,82,1006,1181,6,25,21,21,1,640,640,16,40,40
464,82,1046,1101,6,26,21,21,1,640,640,16,40,40
465,82,1086,1061,6,27,21,21,1,640,640,16,40,40
466,82,1126,1141,6,28,21,21,1,640,640,16,40,40
467,83,1006,1341,6,25,21,21,1,640,640,16,40,40
468,83,1046,1261,6,26,21,21,1,640,640,16,40,40
469,83,1086,1221,6,27,21,21,1,640,640,16,40,40
470,83,1126,1301,6,28,21,21,1,640,640,16,40,40
471,84,1006,1501,6,25,21,21,1,640,640,16,40,40
472,84,1046,1421,6,26,21,21,1,640,640,16,40,40
473,84,1086,1381,6,27,21,21,1,640,640,16,40,40
474,84,1126,1461,6,28,21,21,1,640,640,16,40,40
475,85,1006,1222,6,25,22,22,1,640,640,16,40,40
476,85,1046,1142,6,26,22,22,1,640,640,16,40,40
477,85,1086,1102,6,27,22,22,1,640,640,16,40,40
478,85,1126,1182,6,28,22,22,1,640,640,16,40,40
479,86,1006,1382,6,25,22,22,1,640,640,16,40,40
480,86,1046,1302,6,26,22,22,1,640,640,16,40,40
481,86,1086,1262,6,27,22,22,1,640,640,16,40,40
482,86,1126,1342,6,28,22,22,1,640,640,16,40,40
483,87,1006,1542,6,25,22,22,1,640,640,16,40,40
484,87,1046,1462,6,26,22,22,1,640,640,16,40,40
485,87,1086,1422,6,27,22,22,1,640,640,16,40,40
486,87,1126,1502,6,28,22,22,1,640,640,16,40,40
487,88,1006,1183,6,25,23,23,1,640,640,16,40,40
488,88,1046,1103,6,26,23,23,1,640,640,16,40,40
489,88,1086,1063,6,27,23,23,1,640,640,16,40,40
490,88,1126,1143,6,28,23,23,1,640,640,16,40,40
491,89,1006,1343,6,25,23,23,1,640,640,16,40,40
492,89,1046,1263,6,26,23,23,1,640,640,16,40,40
493,89,1086,1223,6,27,23,23,1,640,640,16,40,40
494,89,1126,1303,6,28,23,23,1,640,640,16,40,40
495,90,1006,1503,6,25,23,23,1,640,640,16,40,40
496,90,1046,1423,6,26,23,23,1,640,640,16,40,40
497,90,1086,1383,6,27,23,23,1,640,640,16,40,40
498,90,1126,1463,6,28,23,23,1,640,640,16,40,40
499,91,1006,1224,6,25,24,24,1,640,640,16,40,40
500,91,1046,1144,6,26,24,24,1,640,640,16,40,40
501,91,1086,1104,6,27,24,24,1,640,640,16,40,40
502,91,1126,1184,6,28,24,24,1,640,640,16,40,40
503,92,1006,1384,6,25,24,24,1,640,640,16,40,40
504,92,1046,1304,6,26,24,24,1,640,640,16,40,40
505,92,1086,1264,6,27,24,24,1,640,640,16,40,40
506,92,1126,1344,6,28,24,24,1,640,640,16,40,40
507,93,1006,1544,6,25,24,24,1,640,640,16,40,40
508,93,1046,1464,6,26,24,24,1,640,640,16,40,40
509,93,1086,1424,6,27,24,24,1,640,640,16,40,40
510,93,1126,1504,6,28,24,24,1,640,640,16,40,40
511,94,1006,1185,6,25,25,25,1,640,640,16,40,40
512,94,1046,1105,6,26,25,25,1,640,640,16,40,40
513,94,1086,1065,6,27,25,25,1,640,640,16,40,40
514,94,1126,1145,6,28,25,25,1,640,640,16,40,40
515,95,1006,1345,6,25,25,25,1,640,640,16,40,40
516,95,1046,1265,6,26,25,25,1,640,640,16,40,40
517,95,1086,1225,6,27,25,25,1,640,640,16,40,40
518,95,1126,1305,6,28,25,25,1,640,640,16,40,40
519,96,1006,1505,6,25,25,25,1,640,640,16,40,40
520,96,1046,1425,6,26,25,25,1,640,640,16,40,40
521,96,1086,1385,6,27,25,25,1,640,640,16,40,40
522,96,1126,1465,6,28,25,25,1,640,640,16,40,40
523,97,1006,1226,6,25,26,26,1,640,640,16,40,40
524,97,1046,1146,6,26,26,26,1,640,640,16,40,40
525,97,1086,1106,6,27,26,26,1,640,640,16,40,40
526,97,1126,1186,6,28,26,26,1,640,640,16,40,40
527,98,1006,1386,6,25,26,26,1,640,640,16,40,40
528,98,1046,1306,6,26,26,26,1,640,640,16,40,40
529,98,1086,1266,6,27,26,26,1,640,640,16,40,40
530,98,1126,1346,6,28,26,26,1,640,640,16,40,40
531,99,1006,1546,6,25,26,26,1,640,640,16,40,40
532,99,1046,1466,6,26,26,26,1,640,640,16,40,40
533,99,1086,1426,6,27,26,26,1,640,640,16,40,40
534,99,1126,1506,6,28,26,26,1,640,640,16,40,40
535,100,1006,1187,6,25,27,27,1,640,640,16,40,40
536,100,1046,1107,6,26,27,27,1,640,640,16,40,40
537,100,1086,1067,6,27,27,27,1,640,640,16,40,40
538,100,1126,1147,6,28,27,27,1,640,640,16,40,40
539,101,1006,1347,6,25,27,27,1,640,640,16,40,40
540,101,1046,1267,6,26,27,27,1,640,640,16,40,40
541,101,1086,1227,6,27,27,27,1,640,640,16,40,40
542,101,1126,1307,6,28,27,27,1,640,640,16,40,40
543,102,1006,1507,6,25,27,27,1,640,640,16,40,40
544,102,1046,1427,6,26,27,27,1,640,640,16,40,40
545,102,1086,1387,6,27,27,27,1,640,640,16,40,40
546,102,1126,1467,6,28,27,27,1,640,640,16,40,40
547,103,1006,1228,6,25,28,28,1,640,640,16,40,40
548,103,1046,1148,6,26,28,28,1,640,640,16,40,40
549,103,1086,1108,6,27,28,28,1,640,640,16,40,40
550,103,1126,1188,6,28,28,28,1,640,640,16,40,40
551,104,1006,1388,6,25,28,28,1,640,640,16,40,40
552,104,1046,1308,6,26,28,28,1,640,640,16,40,40
553,104,1086,1268,6,27,28,28,1,640,640,16,40,40
554,104,1126,1348,6,28,28,28,1,640,640,16,40,40
555,105,1006,1548,6,25,28,28,1,640,640,16,40,40
556,105,1046,1468,6,26,28,28,1,640,640,16,40,40
557,105,1086,1428,6,27,28,28,1,640,640,16,40,40
558,105,1126,1508,6,28,28,28,1,640,640,16,40,40
559,106,1006,1189,6,25,29,29,1,640,640,16,40,40
560,106,1046,1109,6,26,29,29,1,640,640,16,40,40
561,106,1086,1069,6,27,29,29,1,640,640,16,40,40
562,106,1126,1149,6,28,29,29,1,640,640,16,40,40
563,107,1006,1349,6,25,29,29,1,640,640,16,40,40
564,107,1046,1269,6,26,29,29,1,640,640,16,40,40
565,107,1086,1229,6,27,29,29,1,640,640,16,40,40
566,107,1126,1309,6,28,29,29,1,640,640,16,40,40
567,108,1006,1509,6,25,29,29,1,640,640,16,40,40
568,108,1046,1429,6,26,29,29,1,640,640,16,40,40
569,108,1086,1389,6,27,29,29,1,640,640,16,40,40
570,108,1126,1469,6,28,29,29,1,640,640,16,40,40
571,109,1006,1230,6,25,30,30,1,640,640,16,40,40
572,109,1046,1150,6,26,30,30,1,640,640,16,40,40
573,109,1086,1110,6,27,30,30,1,640,640,16,40,40
574,109,1126,1190,6,28,30,30,1,640,640,16,40,40
575,110,1006,1390,6,25,30,30,1,640,640,16,40,40
576,110,1046,1310,6,26,30,30,1,640,640,16,40,40
577,110,1086,1270,6,27,30,30,1,640,640,16,40,40
578,110,1126,1350,6,28,30,30,1,640,640,16,40,40
579,111,1006,1550,6,25,30,30,1,640,640,16,40,40
580,111,1046,1470,6,26,30,30,1,640,640,16,40,40
581,111,1086,1430,6,27,30,30,1,640,640,16,40,40
582,111,1126,1510,6,28,30,30,1,640,640,16,40,40
583,112,643,1142,3,16,22,22,1,640,640,16,40,40
584,113,645,1347,5,16,27,27,1,640,640,16,40,40
585,114,1363,1301,3,34,21,21,1,640,640,16,40,40
586,115,1284,1188,4,32,28,28,1,640,640,16,40,40
587,116,1286,1225,6,32,25,25,1,640,640,16,40,40
588,117,643,1461,3,16,21,21,1,640,640,16,40,40
589,118,843,1422,3,21,22,22,1,640,640,16,40,40
590,119,1166,1303,6,29,23,23,1,640,640,16,40,40
591,120,1366,1268,6,34,28,28,1,640,640,16,40,40
592,121,1247,1270,7,31,30,30,1,640,640,16,40,40
593,122,1166,1305,6,29,25,25,1,640,640,16,40,40
594,123,1047,1263,7,26,23,23,1,640,640,16,40,40
595,124,966,1263,6,24,23,23,1,640,640,16,40,40
596,125,1480,1220,0,37,20,20,1,640,640,16,40,40
597,126,907,1304,27,22,24,24,1,640,640,16,40,40
598,127,1514,1270,34,37,30,30,1,640,640,16,40,40
599,128,1527,1345,7,38,25,25,1,640,640,16,40,40
600,129,1405,1222,5,35,22,22,1,640,640,16,40,40
601,130,1480,1467,0,37,27,27,1,640,640,16,40,40
602,131,926,1105,6,23,25,25,1,640,640,16,40,40
603,132,886,1110,6,22,30,30,1,640,640,16,40,40
604,133,807,1505,7,20,25,25,1,640,640,16,40,40
605,134,684,1143,4,17,23,23,1,640,640,16,40,40
606,135,685,1268,5,17,28,28,1,640,640,16,40,40
607,136,1525,1343,5,38,23,23,1,640,640,16,40,40
608,136,1565,1383,5,39,23,23,1,640,640,16,40,40
609,137,1524,1308,4,38,28,28,1,640,640,16,40,40
610,138,1567,1146,7,39,26,26,1,640,640,16,40,40
611,139,905,464,25,22,24,24,1,640,640,16,40,40
612,139,945,624,25,23,24,24,1,640,640,16,40,40
613,139,985,544,25,24,24,24,1,640,640,16,40,40
614,139,1025,384,25,25,24,24,1,640,640,16,40,40
615,139,1065,584,25,26,24,24,1,640,640,16,40,40
616,139,1105,504,25,27,24,24,1,640,640,16,40,40
617,139,1145,424,25,28,24,24,1,640,640,16,40,40
618,140,985,264,25,24,24,24,1,640,640,16,40,40
619,141,1065,144,25,26,24,24,1,640,640,16,40,40
620,142,961,544,1,24,24,24,1,640,640,16,40,40
621,143,985,24,25,24,24,24,1,640,640,16,40,40
622,144,1001,664,1,25,24,24,1,640,640,16,40,40
623,145,1224,704,24,30,24,24,1,640,640,16,40,40
624,146,1264,704,24,31,24,24,1,640,640,16,40,40
625,147,1224,744,24,30,24,24,1,640,640,16,40,40
626,148,745,784,25,18,24,24,1,640,640,16,40,40
627,149,642,824,2,16,24,24,1,640,640,16,40,40
628,150,1446,1464,6,36,24,24,1,640,640,16,40,40
629,151,846,1109,6,21,29,29,1,640,640,16,40,40
630,152,847,1306,7,21,26,26,1,640,640,16,40,40
631,153,1406,1465,6,35,25,25,1,640,640,16,40,40
632,154,1513,1429,33,37,29,29,1,640,640,16,40,40
633,155,1519,1420,39,37,20,20,1,640,640,16,40,40
634,156,1519,1144,39,37,24,24,1,640,640,16,40,40
635,157,1513,1107,33,37,27,27,1,640,640,16,40,40
636,158,687,1350,7,17,30,30,1,640,640,16,40,40
637,159,687,1262,7,17,22,22,1,640,640,16,40,40
638,160,727,1227,7,18,27,27,1,640,640,16,40,40
639,161,843,1468,3,21,28,28,1,640,640,16,40,40
640,162,1513,1381,33,37,21,21,1,640,640,16,40,40
641,163,766,1383,6,19,23,23,1,640,640,16,40,40
642,164,1321,1309,1,33,29,29,1,640,640,16,40,40
643,165,1281,1500,1,32,20,20,1,640,640,16,40,40
644,166,963,1181,3,24,21,21,1,640,640,16,40,40
645,167,1283,1181,3,32,21,21,1,640,640,16,40,40
646,168,1304,1184,24,32,24,24,1,640,640,16,40,40
647,169,1126,1184,6,28,24,24,1,640,640,16,40,40
648,170,1246,1425,6,31,25,25,1,640,640,16,40,40
649,171,767,1385,7,19,25,25,1,640,640,16,40,40
650,172,1006,1101,6,25,21,21,1,640,640,16,40,40
651,173,1007,1104,7,25,24,24,1,640,640,16,40,40
652,174,966,1183,6,24,23,23,1,640,640,16,40,40
653,175,907,1230,27,22,30,30,1,640,640,16,40,40
654,176,1190,1226,30,29,26,26,1,640,640,16,40,40
655,177,1480,1503,0,37,23,23,1,640,640,16,40,40
656,178,1246,1542,6,31,22,22,1,640,640,16,40,40
657,179,1401,1462,1,35,22,22,1,640,640,16,40,40
658,180,1480,1266,0,37,26,26,1,640,640,16,40,40
659,181,906,1426,26,22,26,26,1,640,640,16,40,40
660,182,767,1302,7,19,22,22,1,640,640,16,40,40
661,183,645,1300,5,16,20,20,1,640,640,16,40,40
662,184,766,1469,6,19,29,29,1,640,640,16,40,40
663,185,927,1390,7,23,30,30,1,640,640,16,40,40
664,186,1206,1470,6,30,30,30,1,640,640,16,40,40
665,187,1480,1430,0,37,30,30,1,640,640,16,40,40
666,188,1442,1140,2,36,20,20,1,640,640,16,40,40
667,189,1190,1183,30,29,23,23,1,640,640,16,40,40
668,190,1514,1342,34,37,22,22,1,640,640,16,40,40
669,191,1519,1506,39,37,26,26,1,640,640,16,40,40
670,192,1518,1540,38,37,20,20,1,640,640,16,40,40
671,193,1551,1065,31,38,25,25,1,640,640,16,40,40
672,194,1551,1546,31,38,26,26,1,640,640,16,40,40
673,195,1551,1542,31,38,22,22,1,640,640,16,40,40
674,196,1480,1542,0,37,22,22,1,640,640,16,40,40
675,197,645,1067,5,16,27,27,1,640,640,16,40,40
676,198,808,893,8,20,13,13,1,640,640,16,40,40
677,198,848,933,8,21,13,13,1,640,640,16,40,40
678,198,888,973,8,22,13,13,1,640,640,16,40,40
679,198,928,1013,8,23,13,13,1,640,640,16,40,40
680,198,968,1053,8,24,13,13,1,640,640,16,40,40
681,198,1008,1093,8,25,13,13,1,640,640,16,40,40
682,199,1111,892,31,27,12,12,1,640,640,16,40,40
683,199,1151,932,31,28,12,12,1,640,640,16,40,40
684,200,1264,891,24,31,11,11,1,640,640,16,40,40
685,201,824,931,24,20,11,11,1,640,640,16,40,40
686,202,908,1380,28,22,20,20,1,640,640,16,40,40
687,203,687,1383,7,17,23,23,1,640,640,16,40,40
688,204,857,1290,17,21,10,10,1,640,640,16,40,40
689,204,858,1291,18,21,11,11,1,640,640,16,40,40
690,204,859,1292,19,21,12,12,1,640,640,16,40,40
691,204,860,1293,20,21,13,13,1,640,640,16,40,40
692,205,1128,1288,8,28,8,8,1,640,640,16,40,40
693,205,1129,1289,9,28,9,9,1,640,640,16,40,40
694,205,1130,1290,10,28,10,10,1,640,640,16,40,40
695,206,1372,1324,12,34,4,4,1,640,640,16,40,40
696,206,1374,1454,14,34,14,14,1,640,640,16,40,40
697,206,1375,1404,15,34,4,4,1,640,640,16,40,40
698,206,1337,1364,17,33,4,4,1,640,640,16,40,40
699,206,1299,1252,19,32,12,12,1,640,640,16,40,40
700,206,1260,1414,20,31,14,14,1,640,640,16,40,40
701,206,1261,1333,21,31,13,13,1,640,640,16,40,40
702,206,1262,1370,22,31,10,10,1,640,640,16,40,40
703,206,1303,1331,23,32,11,11,1,640,640,16,40,40
704,206,1304,1253,24,32,13,13,1,640,640,16,40,40
705,206,1305,1335,25,32,15,15,1,640,640,16,40,40
706,206,1345,1327,25,33,7,7,1,640,640,16,40,40
707,206,1385,1406,25,34,6,6,1,640,640,16,40,40
708,206,1425,1403,25,35,3,3,1,640,640,16,40,40
709,206,1465,1288,25,36,8,8,1,640,640,16,40,40
710,206,1505,1363,25,37,3,3,1,640,640,16,40,40
711,206,1545,1250,25,38,10,10,1,640,640,16,40,40
712,206,1544,1457,24,38,17,17,1,640,640,16,40,40
713,206,1543,1330,23,38,10,10,1,640,640,16,40,40
714,206,1542,1292,22,38,12,12,1,640,640,16,40,40
715,206,1541,1256,21,38,16,16,1,640,640,16,40,40
716,206,1540,1365,20,38,5,5,1,640,640,16,40,40
717,206,1539,1376,19,38,16,16,1,640,640,16,40,40
718,206,1538,1289,18,38,9,9,1,640,640,16,40,40
719,206,1537,1417,17,38,17,17,1,640,640,16,40,40
720,206,1497,1172,17,37,12,12,1,640,640,16,40,40
721,206,1496,1214,16,37,14,14,1,640,640,16,40,40
722,206,1495,1445,15,37,5,5,1,640,640,16,40,40
723,206,1494,1322,14,37,2,2,1,640,640,16,40,40
724,206,1493,1295,13,37,15,15,1,640,640,16,40,40
725,206,1533,1257,13,38,17,17,1,640,640,16,40,40
726,206,1532,1336,12,38,16,16,1,640,640,16,40,40
727,206,1531,1255,11,38,15,15,1,640,640,16,40,40
728,206,1534,1412,14,38,12,12,1,640,640,16,40,40
729,206,1535,1174,15,38,14,14,1,640,640,16,40,40
730,206,1536,1411,16,38,11,11,1,640,640,16,40,40
731,206,1491,1215,11,37,15,15,1,640,640,16,40,40
732,206,1490,1328,10,37,8,8,1,640,640,16,40,40
733,206,1450,1323,10,36,3,3,1,640,640,16,40,40
734,206,1410,1217,10,35,17,17,1,640,640,16,40,40
735,206,1492,1373,12,37,13,13,1,640,640,16,40,40
736,206,1451,1451,11,36,11,11,1,640,640,16,40,40
737,206,1452,1251,12,36,11,11,1,640,640,16,40,40
738,206,1453,1332,13,36,12,12,1,640,640,16,40,40
739,206,1454,1337,14,36,17,17,1,640,640,16,40,40
740,206,1455,1212,15,36,12,12,1,640,640,16,40,40
741,206,1456,1297,16,36,17,17,1,640,640,16,40,40
742,206,1457,1450,17,36,10,10,1,640,640,16,40,40
743,206,1458,1173,18,36,13,13,1,640,640,16,40,40
744,206,1459,1447,19,36,7,7,1,640,640,16,40,40
745,206,1460,1377,20,36,17,17,1,640,640,16,40,40
746,206,1498,1405,18,37,5,5,1,640,640,16,40,40
747,206,1499,1416,19,37,16,16,1,640,640,16,40,40
748,206,1500,1371,20,37,11,11,1,640,640,16,40,40
749,206,1501,1449,21,37,9,9,1,640,640,16,40,40
750,206,1502,1453,22,37,13,13,1,640,640,16,40,40
751,206,1503,1286,23,37,6,6,1,640,640,16,40,40
752,206,1504,1290,24,37,10,10,1,640,640,16,40,40
753,206,1411,1329,11,35,9,9,1,640,640,16,40,40
754,206,1412,1369,12,35,9,9,1,640,640,16,40,40
755,206,1413,1362,13,35,2,2,1,640,640,16,40,40
756,206,1414,1213,14,35,13,13,1,640,640,16,40,40
757,206,1415,1287,15,35,7,7,1,640,640,16,40,40
758,206,1416,1452,16,35,12,12,1,640,640,16,40,40
759,206,1417,1254,17,35,14,14,1,640,640,16,40,40
760,206,1418,1455,18,35,15,15,1,640,640,16,40,40
761,206,1419,1216,19,35,16,16,1,640,640,16,40,40
762,206,1420,1413,20,35,13,13,1,640,640,16,40,40
763,206,1421,1326,21,35,6,6,1,640,640,16,40,40
764,206,1422,1410,22,35,10,10,1,640,640,16,40,40
765,206,1423,1448,23,35,8,8,1,640,640,16,40,40
766,206,1424,1446,24,35,6,6,1,640,640,16,40,40
767,206,1461,1296,21,36,16,16,1,640,640,16,40,40
768,206,1462,1374,22,36,14,14,1,640,640,16,40,40
769,206,1463,1372,23,36,12,12,1,640,640,16,40,40
770,206,1464,1402,24,36,2,2,1,640,640,16,40,40
771,206,1376,1284,16,34,4,4,1,640,640,16,40,40
772,206,1377,1325,17,34,5,5,1,640,640,16,40,40
773,206,1378,1407,18,34,7,7,1,640,640,16,40,40
774,206,1379,1443,19,34,3,3,1,640,640,16,40,40
775,206,1380,1366,20,34,6,6,1,640,640,16,40,40
776,206,1381,1211,21,34,11,11,1,640,640,16,40,40
777,206,1382,1334,22,34,14,14,1,640,640,16,40,40
778,206,1383,1375,23,34,15,15,1,640,640,16,40,40
779,206,1384,1294,24,34,14,14,1,640,640,16,40,40
780,206,1338,1293,18,33,13,13,1,640,640,16,40,40
781,206,1339,1444,19,33,4,4,1,640,640,16,40,40
782,206,1340,1368,20,33,8,8,1,640,640,16,40,40
783,206,1341,1291,21,33,11,11,1,640,640,16,40,40
784,206,1342,1409,22,33,9,9,1,640,640,16,40,40
785,206,1343,1408,23,33,8,8,1,640,640,16,40,40
786,206,1344,1415,24,33,15,15,1,640,640,16,40,40
787,206,1300,1249,20,32,9,9,1,640,640,16,40,40
788,206,1301,1456,21,32,16,16,1,640,640,16,40,40
789,206,1302,1367,22,32,7,7,1,640,640,16,40,40
790,207,1418,1454,18,35,14,14,1,640,640,16,40,40
791,208,1462,1333,22,36,13,13,1,640,640,16,40,40
792,209,1450,1370,10,36,10,10,1,640,640,16,40,40
793,210,1494,1253,14,37,13,13,1,640,640,16,40,40
794,211,1499,1252,19,37,12,12,1,640,640,16,40,40
795,212,1338,1444,18,33,4,4,1,640,640,16,40,40
796,213,1385,1414,25,34,14,14,1,640,640,16,40,40
797,214,1381,1324,21,34,4,4,1,640,640,16,40,40
798,215,1578,1384,18,39,24,24,1,640,640,16,40,40
799,216,1343,1331,23,33,11,11,1,640,640,16,40,40
800,217,1195,1364,35,29,4,4,1,640,640,16,40,40
801,218,1265,1457,25,31,17,17,1,640,640,16,40,40
802,219,1195,1409,35,29,9,9,1,640,640,16,40,40
803,220,1543,1408,23,38,8,8,1,640,640,16,40,40
804,221,857,1114,17,21,34,34,1,640,640,16,40,40
805,221,858,1115,18,21,35,35,1,640,640,16,40,40
806,221,859,1116,19,21,36,36,1,640,640,16,40,40
807,221,860,1117,20,21,37,37,1,640,640,16,40,40
808,221,899,1156,19,22,36,36,1,640,640,16,40,40
809,221,898,1155,18,22,35,35,1,640,640,16,40,40
810,221,939,1196,19,23,36,36,1,640,640,16,40,40
811,221,938,1195,18,23,35,35,1,640,640,16,40,40
812,222,1128,1155,8,28,35,35,1,640,640,16,40,40
813,222,1129,1156,9,28,36,36,1,640,640,16,40,40
814,222,1130,1157,10,28,37,37,1,640,640,16,40,40
815,222,1169,1196,9,29,36,36,1,640,640,16,40,40
816,223,705,1234,25,17,34,34,1,640,640,16,40,40
817,223,706,1235,26,17,35,35,1,640,640,16,40,40
818,223,707,1236,27,17,36,36,1,640,640,16,40,40
819,223,708,1237,28,17,37,37,1,640,640,16,40,40
820,223,709,1238,29,17,38,38,1,640,640,16,40,40
821,224,492,801,12,12,1,1,1,640,640,16,40,40
822,224,493,802,13,12,2,2,1,640,640,16,40,40
823,224,494,803,14,12,3,3,1,640,640,16,40,40
824,224,491,800,11,12,0,0,1,640,640,16,40,40
825,224,531,760,11,13,0,0,1,640,640,16,40,40
826,224,532,761,12,13,1,1,1,640,640,16,40,40
827,224,533,762,13,13,2,2,1,640,640,16,40,40
828,224,534,763,14,13,3,3,1,640,640,16,40,40
829,224,571,720,11,14,0,0,1,640,640,16,40,40
830,224,611,680,11,15,0,0,1,640,640,16,40,40
831,224,651,640,11,16,0,0,1,640,640,16,40,40
832,224,691,600,11,17,0,0,1,640,640,16,40,40
833,224,731,560,11,18,0,0,1,640,640,16,40,40
834,224,771,520,11,19,0,0,1,640,640,16,40,40
835,224,811,480,11,20,0,0,1,640,640,16,40,40
836,224,851,440,11,21,0,0,1,640,640,16,40,40
837,224,891,400,11,22,0,0,1,640,640,16,40,40
838,224,931,360,11,23,0,0,1,640,640,16,40,40
839,224,971,320,11,24,0,0,1,640,640,16,40,40
840,224,972,321,12,24,1,1,1,640,640,16,40,40
841,224,1012,281,12,25,1,1,1,640,640,16,40,40
842,224,1052,241,12,26,1,1,1,640,640,16,40,40
843,224,1092,201,12,27,1,1,1,640,640,16,40,40
844,224,1132,161,12,28,1,1,1,640,640,16,40,40
845,224,1172,121,12,29,1,1,1,640,640,16,40,40
846,224,1212,81,12,30,1,1,1,640,640,16,40,40
847,224,1011,280,11,25,0,0,1,640,640,16,40,40
848,224,1051,240,11,26,0,0,1,640,640,16,40,40
849,224,1091,200,11,27,0,0,1,640,640,16,40,40
850,224,1131,160,11,28,0,0,1,640,640,16,40,40
851,224,1171,120,11,29,0,0,1,640,640,16,40,40
852,224,1211,80,11,30,0,0,1,640,640,16,40,40
853,224,1251,40,11,31,0,0,1,640,640,16,40,40
854,224,1291,0,11,32,0,0,1,640,640,16,40,40
855,224,1292,1,12,32,1,1,1,640,640,16,40,40
856,224,1252,41,12,31,1,1,1,640,640,16,40,40
857,224,932,361,12,23,1,1,1,640,640,16,40,40
858,224,892,401,12,22,1,1,1,640,640,16,40,40
859,224,852,441,12,21,1,1,1,640,640,16,40,40
860,224,812,481,12,20,1,1,1,640,640,16,40,40
861,224,772,521,12,19,1,1,1,640,640,16,40,40
862,224,732,561,12,18,1,1,1,640,640,16,40,40
863,224,692,601,12,17,1,1,1,640,640,16,40,40
864,224,652,641,12,16,1,1,1,640,640,16,40,40
865,224,612,681,12,15,1,1,1,640,640,16,40,40
866,224,572,721,12,14,1,1,1,640,640,16,40,40
867,224,573,722,13,14,2,2,1,640,640,16,40,40
868,224,613,682,13,15,2,2,1,640,640,16,40,40
869,224,653,642,13,16,2,2,1,640,640,16,40,40
870,224,693,602,13,17,2,2,1,640,640,16,40,40
871,224,733,562,13,18,2,2,1,640,640,16,40,40
872,224,773,522,13,19,2,2,1,640,640,16,40,40
873,224,813,482,13,20,2,2,1,640,640,16,40,40
874,224,853,442,13,21,2,2,1,640,640,16,40,40
875,224,893,402,13,22,2,2,1,640,640,16,40,40
876,224,933,362,13,23,2,2,1,640,640,16,40,40
877,224,973,322,13,24,2,2,1,640,640,16,40,40
878,224,1013,282,13,25,2,2,1,640,640,16,40,40
879,224,1053,242,13,26,2,2,1,640,640,16,40,40
880,224,1093,202,13,27,2,2,1,640,640,16,40,40
881,224,1133,162,13,28,2,2,1,640,640,16,40,40
882,224,1173,122,13,29,2,2,1,640,640,16,40,40
883,224,1213,82,13,30,2,2,1,640,640,16,40,40
884,224,1253,42,13,31,2,2,1,640,640,16,40,40
885,224,1293,2,13,32,2,2,1,640,640,16,40,40
886,224,1294,3,14,32,3,3,1,640,640,16,40,40
887,224,1254,43,14,31,3,3,1,640,640,16,40,40
888,224,1214,83,14,30,3,3,1,640,640,16,40,40
889,224,1174,123,14,29,3,3,1,640,640,16,40,40
890,224,1134,163,14,28,3,3,1,640,640,16,40,40
891,224,1094,203,14,27,3,3,1,640,640,16,40,40
892,224,1054,243,14,26,3,3,1,640,640,16,40,40
893,224,1014,283,14,25,3,3,1,640,640,16,40,40
894,224,974,323,14,24,3,3,1,640,640,16,40,40
895,224,934,363,14,23,3,3,1,640,640,16,40,40
896,224,894,403,14,22,3,3,1,640,640,16,40,40
897,224,854,443,14,21,3,3,1,640,640,16,40,40
898,224,814,483,14,20,3,3,1,640,640,16,40,40
899,224,774,523,14,19,3,3,1,640,640,16,40,40
900,224,734,563,14,18,3,3,1,640,640,16,40,40
901,224,694,603,14,17,3,3,1,640,640,16,40,40
902,224,654,643,14,16,3,3,1,640,640,16,40,40
903,224,614,683,14,15,3,3,1,640,640,16,40,40
904,224,574,723,14,14,3,3,1,640,640,16,40,40
905,225,673,324,33,16,4,4,1,640,640,16,40,40
906,225,674,325,34,16,5,5,1,640,640,16,40,40
907,225,675,326,35,16,6,6,1,640,640,16,40,40
908,225,676,327,36,16,7,7,1,640,640,16,40,40
909,225,677,328,37,16,8,8,1,640,640,16,40,40
910,225,678,329,38,16,9,9,1,640,640,16,40,40
911,225,679,330,39,16,10,10,1,640,640,16,40,40
912,225,713,284,33,17,4,4,1,640,640,16,40,40
913,225,714,285,34,17,5,5,1,640,640,16,40,40
914,225,715,286,35,17,6,6,1,640,640,16,40,40
915,225,716,287,36,17,7,7,1,640,640,16,40,40
916,225,717,288,37,17,8,8,1,640,640,16,40,40
917,225,718,289,38,17,9,9,1,640,640,16,40,40
918,225,719,290,39,17,10,10,1,640,640,16,40,40
919,225,753,244,33,18,4,4,1,640,640,16,40,40
920,225,754,245,34,18,5,5,1,640,640,16,40,40
921,225,755,246,35,18,6,6,1,640,640,16,40,40
922,225,756,247,36,18,7,7,1,640,640,16,40,40
923,225,757,248,37,18,8,8,1,640,640,16,40,40
924,225,758,249,38,18,9,9,1,640,640,16,40,40
925,225,759,250,39,18,10,10,1,640,640,16,40,40
926,225,793,204,33,19,4,4,1,640,640,16,40,40
927,225,794,205,34,19,5,5,1,640,640,16,40,40
928,225,795,206,35,19,6,6,1,640,640,16,40,40
929,225,796,207,36,19,7,7,1,640,640,16,40,40
930,225,797,208,37,19,8,8,1,640,640,16,40,40
931,225,798,209,38,19,9,9,1,640,640,16,40,40
932,225,799,210,39,19,10,10,1,640,640,16,40,40
933,225,833,164,33,20,4,4,1,640,640,16,40,40
934,225,834,165,34,20,5,5,1,640,640,16,40,40
935,225,835,166,35,20,6,6,1,640,640,16,40,40
936,225,836,167,36,20,7,7,1,640,640,16,40,40
937,225,837,168,37,20,8,8,1,640,640,16,40,40
938,225,838,169,38,20,9,9,1,640,640,16,40,40
939,225,839,170,39,20,10,10,1,640,640,16,40,40
940,225,873,124,33,21,4,4,1,640,640,16,40,40
941,225,874,125,34,21,5,5,1,640,640,16,40,40
942,225,875,126,35,21,6,6,1,640,640,16,40,40
943,225,876,127,36,21,7,7,1,640,640,16,40,40
944,225,877,128,37,21,8,8,1,640,640,16,40,40
945,225,878,129,38,21,9,9,1,640,640,16,40,40
946,225,879,130,39,21,10,10,1,640,640,16,40,40
947,225,913,84,33,22,4,4,1,640,640,16,40,40
948,225,914,85,34,22,5,5,1,640,640,16,40,40
949,225,915,86,35,22,6,6,1,640,640,16,40,40
950,225,916,87,36,22,7,7,1,640,640,16,40,40
951,225,917,88,37,22,8,8,1,640,640,16,40,40
952,225,918,89,38,22,9,9,1,640,640,16,40,40
953,225,919,90,39,22,10,10,1,640,640,16,40,40
954,225,953,44,33,23,4,4,1,640,640,16,40,40
955,225,954,45,34,23,5,5,1,640,640,16,40,40
956,225,955,46,35,23,6,6,1,640,640,16,40,40
957,225,956,47,36,23,7,7,1,640,640,16,40,40
958,225,957,48,37,23,8,8,1,640,640,16,40,40
959,225,958,49,38,23,9,9,1,640,640,16,40,40
960,225,959,50,39,23,10,10,1,640,640,16,40,40
961,225,993,4,33,24,4,4,1,640,640,16,40,40
962,225,994,5,34,24,5,5,1,640,640,16,40,40
963,225,995,6,35,24,6,6,1,640,640,16,40,40
964,225,996,7,36,24,7,7,1,640,640,16,40,40
965,225,997,8,37,24,8,8,1,640,640,16,40,40
966,225,998,9,38,24,9,9,1,640,640,16,40,40
967,225,999,10,39,24,10,10,1,640,640,16,40,40
968,226,541,571,21,13,11,11,1,640,640,16,40,40
969,226,581,531,21,14,11,11,1,640,640,16,40,40
970,226,621,491,21,15,11,11,1,640,640,16,40,40
971,226,661,451,21,16,11,11,1,640,640,16,40,40
972,226,701,411,21,17,11,11,1,640,640,16,40,40
973,226,741,371,21,18,11,11,1,640,640,16,40,40
974,226,781,331,21,19,11,11,1,640,640,16,40,40
975,226,821,291,21,20,11,11,1,640,640,16,40,40
976,226,861,251,21,21,11,11,1,640,640,16,40,40
977,226,901,211,21,22,11,11,1,640,640,16,40,40
978,226,941,171,21,23,11,11,1,640,640,16,40,40
979,226,981,131,21,24,11,11,1,640,640,16,40,40
980,226,1021,91,21,25,11,11,1,640,640,16,40,40
981,226,1061,51,21,26,11,11,1,640,640,16,40,40
982,226,1101,11,21,27,11,11,1,640,640,16,40,40
983,226,542,572,22,13,12,12,1,640,640,16,40,40
984,226,582,532,22,14,12,12,1,640,640,16,40,40
985,226,622,492,22,15,12,12,1,640,640,16,40,40
986,226,662,452,22,16,12,12,1,640,640,16,40,40
987,226,702,412,22,17,12,12,1,640,640,16,40,40
988,226,742,372,22,18,12,12,1,640,640,16,40,40
989,226,782,332,22,19,12,12,1,640,640,16,40,40
990,226,822,292,22,20,12,12,1,640,640,16,40,40
991,226,862,252,22,21,12,12,1,640,640,16,40,40
992,226,902,212,22,22,12,12,1,640,640,16,40,40
993,226,942,172,22,23,12,12,1,640,640,16,40,40
994,226,982,132,22,24,12,12,1,640,640,16,40,40
995,226,1022,92,22,25,12,12,1,640,640,16,40,40
996,226,1062,52,22,26,12,12,1,640,640,16,40,40
997,226,1102,12,22,27,12,12,1,640,640,16,40,40
998,226,663,453,23,16,13,13,1,640,640,16,40,40
999,226,703,413,23,17,13,13,1,640,640,16,40,40
1000,226,743,373,23,18,13,13,1,640,640,16,40,40
1001,226,783,333,23,19,13,13,1,640,640,16,40,40
1002,226,823,293,23,20,13,13,1,640,640,16,40,40
1003,226,863,253,23,21,13,13,1,640,640,16,40,40
1004,226,903,213,23,22,13,13,1,640,640,16,40,40
1005,226,943,173,23,23,13,13,1,640,640,16,40,40
1006,226,983,133,23,24,13,13,1,640,640,16,40,40
1007,226,1023,93,23,25,13,13,1,640,640,16,40,40
1008,226,1063,53,23,26,13,13,1,640,640,16,40,40
1009,226,1103,13,23,27,13,13,1,640,640,16,40,40
1010,226,543,573,23,13,13,13,1,640,640,16,40,40
1011,226,583,533,23,14,13,13,1,640,640,16,40,40
1012,226,623,493,23,15,13,13,1,640,640,16,40,40
1013,227,689,616,9,17,16,16,1,640,640,16,40,40
1014,227,729,576,9,18,16,16,1,640,640,16,40,40
1015,227,769,536,9,19,16,16,1,640,640,16,40,40
1016,227,809,496,9,20,16,16,1,640,640,16,40,40
1017,227,849,456,9,21,16,16,1,640,640,16,40,40
1018,227,889,416,9,22,16,16,1,640,640,16,40,40
1019,227,929,376,9,23,16,16,1,640,640,16,40,40
1020,227,969,336,9,24,16,16,1,640,640,16,40,40
1021,227,1009,296,9,25,16,16,1,640,640,16,40,40
1022,227,1049,256,9,26,16,16,1,640,640,16,40,40
1023,227,1089,216,9,27,16,16,1,640,640,16,40,40
1024,227,690,617,10,17,17,17,1,640,640,16,40,40
1025,227,730,577,10,18,17,17,1,640,640,16,40,40
1026,227,770,537,10,19,17,17,1,640,640,16,40,40
1027,227,810,497,10,20,17,17,1,640,640,16,40,40
1028,227,850,457,10,21,17,17,1,640,640,16,40,40
1029,227,890,417,10,22,17,17,1,640,640,16,40,40
1030,227,930,377,10,23,17,17,1,640,640,16,40,40
1031,227,970,337,10,24,17,17,1,640,640,16,40,40
1032,227,1010,297,10,25,17,17,1,640,640,16,40,40
1033,227,1050,257,10,26,17,17,1,640,640,16,40,40
1034,227,1090,217,10,27,17,17,1,640,640,16,40,40
1035,227,649,656,9,16,16,16,1,640,640,16,40,40
1036,227,609,696,9,15,16,16,1,640,640,16,40,40
1037,227,569,736,9,14,16,16,1,640,640,16,40,40
1038,227,570,737,10,14,17,17,1,640,640,16,40,40
1039,227,610,697,10,15,17,17,1,640,640,16,40,40
1040,227,650,657,10,16,17,17,1,640,640,16,40,40
1041,228,920,364,0,23,4,4,1,640,640,16,40,40
1042,228,880,404,0,22,4,4,1,640,640,16,40,40
1043,228,720,564,0,18,4,4,1,640,640,16,40,40
1044,228,680,604,0,17,4,4,1,640,640,16,40,40
1045,228,640,644,0,16,4,4,1,640,640,16,40,40
1046,228,600,684,0,15,4,4,1,640,640,16,40,40
1047,228,560,724,0,14,4,4,1,640,640,16,40,40
1048,228,520,764,0,13,4,4,1,640,640,16,40,40
1049,228,480,804,0,12,4,4,1,640,640,16,40,40
1050,228,800,484,0,20,4,4,1,640,640,16,40,40
1051,228,840,444,0,21,4,4,1,640,640,16,40,40
1052,228,760,524,0,19,4,4,1,640,640,16,40,40
1053,229,975,646,15,24,6,6,1,640,640,16,40,40
1054,229,976,647,16,24,7,7,1,640,640,16,40,40
1055,229,977,648,17,24,8,8,1,640,640,16,40,40
1056,229,978,649,18,24,9,9,1,640,640,16,40,40
1057,229,1015,606,15,25,6,6,1,640,640,16,40,40
1058,229,1016,607,16,25,7,7,1,640,640,16,40,40
1059,229,1017,608,17,25,8,8,1,640,640,16,40,40
1060,229,1018,609,18,25,9,9,1,640,640,16,40,40
1061,229,1055,566,15,26,6,6,1,640,640,16,40,40
1062,229,1056,567,16,26,7,7,1,640,640,16,40,40
1063,229,1057,568,17,26,8,8,1,640,640,16,40,40
1064,229,1058,569,18,26,9,9,1,640,640,16,40,40
1065,229,1095,526,15,27,6,6,1,640,640,16,40,40
1066,229,1096,527,16,27,7,7,1,640,640,16,40,40
1067,229,1097,528,17,27,8,8,1,640,640,16,40,40
1068,229,1098,529,18,27,9,9,1,640,640,16,40,40
1069,229,1135,486,15,28,6,6,1,640,640,16,40,40
1070,229,1136,487,16,28,7,7,1,640,640,16,40,40
1071,229,1137,488,17,28,8,8,1,640,640,16,40,40
1072,229,1138,489,18,28,9,9,1,640,640,16,40,40
1073,229,1175,446,15,29,6,6,1,640,640,16,40,40
1074,229,1176,447,16,29,7,7,1,640,640,16,40,40
1075,229,1177,448,17,29,8,8,1,640,640,16,40,40
1076,229,1178,449,18,29,9,9,1,640,640,16,40,40
1077,230,752,650,32,18,10,10,1,640,640,16,40,40
1078,230,792,610,32,19,10,10,1,640,640,16,40,40
1079,230,832,570,32,20,10,10,1,640,640,16,40,40
1080,230,872,530,32,21,10,10,1,640,640,16,40,40
1081,230,912,490,32,22,10,10,1,640,640,16,40,40
1082,230,952,450,32,23,10,10,1,640,640,16,40,40
1083,230,992,410,32,24,10,10,1,640,640,16,40,40
1084,230,1032,370,32,25,10,10,1,640,640,16,40,40
1085,231,1551,365,31,38,5,5,1,640,640,16,40,40
1086,232,1551,366,31,38,6,6,1,640,640,16,40,40
1087,233,1551,367,31,38,7,7,1,640,640,16,40,40
1088,234,1551,368,31,38,8,8,1,640,640,16,40,40
1089,235,1551,565,31,38,5,5,1,640,640,16,40,40
1090,236,1551,605,31,38,5,5,1,640,640,16,40,40
1091,237,1551,645,31,38,5,5,1,640,640,16,40,40
1092,238,1551,685,31,38,5,5,1,640,640,16,40,40
1093,239,1551,725,31,38,5,5,1,640,640,16,40,40
1094,240,1551,765,31,38,5,5,1,640,640,16,40,40
1095,241,1551,805,31,38,5,5,1,640,640,16,40,40
1096,242,1551,845,31,38,5,5,1,640,640,16,40,40
1097,243,1551,844,31,38,4,4,1,640,640,16,40,40
1098,244,1551,884,31,38,4,4,1,640,640,16,40,40
1099,245,1551,924,31,38,4,4,1,640,640,16,40,40
1100,246,1551,964,31,38,4,4,1,640,640,16,40,40
1101,247,1551,1004,31,38,4,4,1,640,640,16,40,40
1102,248,1551,1044,31,38,4,4,1,640,640,16,40,40
1103,249,1481,1005,1,37,5,5,1,640,640,16,40,40
1104,250,1481,885,1,37,5,5,1,640,640,16,40,40
1105,251,1481,965,1,37,5,5,1,640,640,16,40,40
1106,252,1481,925,1,37,5,5,1,640,640,16,40,40
1107,253,1441,1006,1,36,6,6,1,640,640,16,40,40
1108,253,1481,1046,1,37,6,6,1,640,640,16,40,40
1109,254,1441,926,1,36,6,6,1,640,640,16,40,40
1110,254,1481,966,1,37,6,6,1,640,640,16,40,40
1111,255,1441,846,1,36,6,6,1,640,640,16,40,40
1112,255,1481,886,1,37,6,6,1,640,640,16,40,40
1113,256,1441,766,1,36,6,6,1,640,640,16,40,40
1114,256,1481,806,1,37,6,6,1,640,640,16,40,40
1115,257,1441,686,1,36,6,6,1,640,640,16,40,40
1116,257,1481,726,1,37,6,6,1,640,640,16,40,40
1117,258,1441,687,1,36,7,7,1,640,640,16,40,40
1118,258,1481,727,1,37,7,7,1,640,640,16,40,40
1119,259,1441,767,1,36,7,7,1,640,640,16,40,40
1120,259,1481,807,1,37,7,7,1,640,640,16,40,40
1121,260,1441,1007,1,36,7,7,1,640,640,16,40,40
1122,261,1441,966,1,36,6,6,1,640,640,16,40,40
1123,262,1441,967,1,36,7,7,1,640,640,16,40,40
1124,263,1441,927,1,36,7,7,1,640,640,16,40,40
1125,264,1441,887,1,36,7,7,1,640,640,16,40,40
1126,265,1441,847,1,36,7,7,1,640,640,16,40,40
1127,266,1441,727,1,36,7,7,1,640,640,16,40,40
1128,267,1441,726,1,36,6,6,1,640,640,16,40,40
1129,268,1441,807,1,36,7,7,1,640,640,16,40,40
1130,269,1441,806,1,36,6,6,1,640,640,16,40,40
1131,270,1441,886,1,36,6,6,1,640,640,16,40,40
1132,271,1441,1005,1,36,5,5,1,640,640,16,40,40
1133,272,1441,965,1,36,5,5,1,640,640,16,40,40
1134,273,1441,925,1,36,5,5,1,640,640,16,40,40
1135,274,1441,885,1,36,5,5,1,640,640,16,40,40
1136,275,1441,845,1,36,5,5,1,640,640,16,40,40
1137,276,1441,805,1,36,5,5,1,640,640,16,40,40
1138,277,1441,805,1,36,5,5,1,640,640,16,40,40
1139,278,1441,765,1,36,5,5,1,640,640,16,40,40
1140,279,1441,725,1,36,5,5,1,640,640,16,40,40
1141,280,1441,685,1,36,5,5,1,640,640,16,40,40
1142,281,1441,688,1,36,8,8,1,640,640,16,40,40
1143,282,1441,728,1,36,8,8,1,640,640,16,40,40
1144,283,1441,768,1,36,8,8,1,640,640,16,40,40
1145,284,1441,808,1,36,8,8,1,640,640,16,40,40
1146,285,1441,848,1,36,8,8,1,640,640,16,40,40
1147,286,1441,888,1,36,8,8,1,640,640,16,40,40
1148,287,1441,928,1,36,8,8,1,640,640,16,40,40
1149,288,1441,968,1,36,8,8,1,640,640,16,40,40
1150,289,1441,1008,1,36,8,8,1,640,640,16,40,40
1151,290,1441,689,1,36,9,9,1,640,640,16,40,40
1152,291,1441,729,1,36,9,9,1,640,640,16,40,40
1153,292,1441,769,1,36,9,9,1,640,640,16,40,40
1154,293,1441,809,1,36,9,9,1,640,640,16,40,40
1155,294,1441,849,1,36,9,9,1,640,640,16,40,40
1156,295,1441,889,1,36,9,9,1,640,640,16,40,40
1157,296,1441,929,1,36,9,9,1,640,640,16,40,40
1158,297,1441,969,1,36,9,9,1,640,640,16,40,40
1159,298,1441,1009,1,36,9,9,1,640,640,16,40,40
1160,299,1441,690,1,36,10,10,1,640,640,16,40,40
1161,300,1441,730,1,36,10,10,1,640,640,16,40,40
1162,301,1441,770,1,36,10,10,1,640,640,16,40,40
1163,302,1441,810,1,36,10,10,1,640,640,16,40,40
1164,303,1441,850,1,36,10,10,1,640,640,16,40,40
1165,304,1441,930,1,36,10,10,1,640,640,16,40,40
1166,305,1441,890,1,36,10,10,1,640,640,16,40,40
1167,306,1441,970,1,36,10,10,1,640,640,16,40,40
1168,307,1441,1010,1,36,10,10,1,640,640,16,40,40
1169,308,1441,1050,1,36,10,10,1,640,640,16,40,40
1170,309,1441,1090,1,36,10,10,1,640,640,16,40,40
1171,310,1441,1089,1,36,9,9,1,640,640,16,40,40
1172,311,1441,1088,1,36,8,8,1,640,640,16,40,40
1173,312,1441,1048,1,36,8,8,1,640,640,16,40,40
1174,313,1441,1087,1,36,7,7,1,640,640,16,40,40
1175,314,1441,1086,1,36,6,6,1,640,640,16,40,40
1176,315,1441,1085,1,36,5,5,1,640,640,16,40,40
1177,316,1441,1084,1,36,4,4,1,640,640,16,40,40
1178,317,1441,1044,1,36,4,4,1,640,640,16,40,40
1179,318,1441,1004,1,36,4,4,1,640,640,16,40,40
1180,319,1441,964,1,36,4,4,1,640,640,16,40,40
1181,320,1441,924,1,36,4,4,1,640,640,16,40,40
1182,321,1441,884,1,36,4,4,1,640,640,16,40,40
1183,322,1441,844,1,36,4,4,1,640,640,16,40,40
1184,323,1441,1045,1,36,5,5,1,640,640,16,40,40
1185,324,1441,1047,1,36,7,7,1,640,640,16,40,40
1186,325,1441,1049,1,36,9,9,1,640,640,16,40,40
1187,326,1441,1086,1,36,6,6,1,640,640,16,40,40
1188,327,1441,1086,1,36,6,6,1,640,640,16,40,40
1189,328,1441,1046,1,36,6,6,1,640,640,16,40,40
1190,329,1441,1234,1,36,34,34,1,640,640,16,40,40
1191,330,1441,1235,1,36,35,35,1,640,640,16,40,40
1192,331,1441,1236,1,36,36,36,1,640,640,16,40,40
1193,332,1441,1237,1,36,37,37,1,640,640,16,40,40
1194,333,1441,1238,1,36,38,38,1,640,640,16,40,40
1195,334,1441,1195,1,36,35,35,1,640,640,16,40,40
1196,335,1441,1196,1,36,36,36,1,640,640,16,40,40
1197,336,1441,1155,1,36,35,35,1,640,640,16,40,40
1198,337,1441,1157,1,36,37,37,1,640,640,16,40,40
1199,338,1441,1156,1,36,36,36,1,640,640,16,40,40
1200,339,1441,1117,1,36,37,37,1,640,640,16,40,40
1201,340,1441,1116,1,36,36,36,1,640,640,16,40,40
1202,341,1441,1115,1,36,35,35,1,640,640,16,40,40
1203,342,1441,1114,1,36,34,34,1,640,640,16,40,40
1204,343,1441,824,1,36,24,24,1,640,640,16,40,40
1205,344,1441,784,1,36,24,24,1,640,640,16,40,40
1206,345,1441,744,1,36,24,24,1,640,640,16,40,40
1207,346,1441,704,1,36,24,24,1,640,640,16,40,40
1208,347,1441,664,1,36,24,24,1,640,640,16,40,40
1209,348,1441,624,1,36,24,24,1,640,640,16,40,40
1210,349,1441,584,1,36,24,24,1,640,640,16,40,40
1211,350,1441,544,1,36,24,24,1,640,640,16,40,40
1212,351,1441,504,1,36,24,24,1,640,640,16,40,40
1213,352,1441,464,1,36,24,24,1,640,640,16,40,40
1214,353,1441,424,1,36,24,24,1,640,640,16,40,40
1215,354,1441,384,1,36,24,24,1,640,640,16,40,40
1216,355,1441,344,1,36,24,24,1,640,640,16,40,40
1217,356,1441,304,1,36,24,24,1,640,640,16,40,40
1218,357,1441,264,1,36,24,24,1,640,640,16,40,40
1219,358,1441,224,1,36,24,24,1,640,640,16,40,40
1220,359,1441,184,1,36,24,24,1,640,640,16,40,40
1221,360,1441,144,1,36,24,24,1,640,640,16,40,40
1222,361,1441,104,1,36,24,24,1,640,640,16,40,40
1223,362,1441,64,1,36,24,24,1,640,640,16,40,40
1224,363,1441,24,1,36,24,24,1,640,640,16,40,40
1225,364,1441,611,1,36,11,11,1,640,640,16,40,40
1226,365,1441,651,1,36,11,11,1,640,640,16,40,40
1227,366,1441,691,1,36,11,11,1,640,640,16,40,40
1228,367,1441,731,1,36,11,11,1,640,640,16,40,40
1229,368,1441,771,1,36,11,11,1,640,640,16,40,40
1230,369,1441,612,1,36,12,12,1,640,640,16,40,40
1231,370,1441,652,1,36,12,12,1,640,640,16,40,40
1232,371,1441,692,1,36,12,12,1,640,640,16,40,40
1233,372,1441,613,1,36,13,13,1,640,640,16,40,40
1234,373,1441,653,1,36,13,13,1,640,640,16,40,40
1235,374,1441,693,1,36,13,13,1,640,640,16,40,40
1236,375,1441,733,1,36,13,13,1,640,640,16,40,40
1237,376,1441,732,1,36,12,12,1,640,640,16,40,40
1238,377,1441,772,1,36,12,12,1,640,640,16,40,40
1239,378,1441,773,1,36,13,13,1,640,640,16,40,40
1240,379,1441,853,1,36,13,13,1,640,640,16,40,40
1241,380,1441,813,1,36,13,13,1,640,640,16,40,40
1242,381,1441,893,1,36,13,13,1,640,640,16,40,40
1243,382,1441,933,1,36,13,13,1,640,640,16,40,40
1244,383,1441,973,1,36,13,13,1,640,640,16,40,40
1245,384,1441,1013,1,36,13,13,1,640,640,16,40,40
1246,385,1441,1053,1,36,13,13,1,640,640,16,40,40
1247,386,1441,1093,1,36,13,13,1,640,640,16,40,40
1248,387,1441,811,1,36,11,11,1,640,640,16,40,40
1249,388,1441,812,1,36,12,12,1,640,640,16,40,40
1250,389,1441,852,1,36,12,12,1,640,640,16,40,40
1251,390,1441,892,1,36,12,12,1,640,640,16,40,40
1252,391,1441,932,1,36,12,12,1,640,640,16,40,40
1253,392,1441,851,1,36,11,11,1,640,640,16,40,40
1254,393,1441,891,1,36,11,11,1,640,640,16,40,40
1255,394,1441,931,1,36,11,11,1,640,640,16,40,40
1256,395,685,109,5,17,29,29,1,640,640,16,40,40
1257,396,765,150,5,19,30,30,1,640,640,16,40,40
1258,397,1122,148,2,28,28,28,1,640,640,16,40,40
1259,398,1201,70,1,30,30,30,1,640,640,16,40,40
1260,399,684,28,4,17,28,28,1,640,640,16,40,40
1261,400,1441,28,1,36,28,28,1,640,640,16,40,40
1262,401,684,68,4,17,28,28,1,640,640,16,40,40
1263,402,1323,189,3,33,29,29,1,640,640,16,40,40
1264,403,1042,230,2,26,30,30,1,640,640,16,40,40
1265,404,9,228,9,0,28,28,1,640,640,16,40,40
1266,405,0,269,0,0,29,29,1,640,640,16,40,40
1267,406,1022,268,22,25,28,28,1,640,640,16,40,40
1268,407,917,309,37,22,29,29,1,640,640,16,40,40
1269,408,39,308,39,0,28,28,1,640,640,16,40,40
1270,409,1323,66,3,33,26,26,1,640,640,16,40,40
1271,410,1201,106,1,30,26,26,1,640,640,16,40,40
1272,411,1042,146,2,26,26,26,1,640,640,16,40,40
1273,412,1243,111,3,31,31,31,1,640,640,16,40,40
1274,413,1322,106,2,33,26,26,1,640,640,16,40,40
1275,414,1281,146,1,32,26,26,1,640,640,16,40,40
1276,415,1242,146,2,31,26,26,1,640,640,16,40,40
1277,416,1322,146,2,33,26,26,1,640,640,16,40,40
1278,416,1282,106,2,32,26,26,1,640,640,16,40,40
1279,417,1202,186,2,30,26,26,1,640,640,16,40,40
1280,418,1122,226,2,28,26,26,1,640,640,16,40,40
1281,419,684,266,4,17,26,26,1,640,640,16,40,40
1282,420,1042,306,2,26,26,26,1,640,640,16,40,40
1283,421,685,346,5,17,26,26,1,640,640,16,40,40
1284,422,765,386,5,19,26,26,1,640,640,16,40,40
1285,423,805,426,5,20,26,26,1,640,640,16,40,40
1286,424,0,466,0,0,26,26,1,640,640,16,40,40
1287,425,413,506,13,10,26,26,1,640,640,16,40,40
1288,426,533,546,13,13,26,26,1,640,640,16,40,40
1289,427,613,586,13,15,26,26,1,640,640,16,40,40
1290,428,693,626,13,17,26,26,1,640,640,16,40,40
1291,429,773,666,13,19,26,26,1,640,640,16,40,40
1292,430,853,706,13,21,26,26,1,640,640,16,40,40
1293,431,933,746,13,23,26,26,1,640,640,16,40,40
1294,432,914,786,34,22,26,26,1,640,640,16,40,40
1295,433,954,786,34,23,26,26,1,640,640,16,40,40
1296,434,879,786,39,21,26,26,1,640,640,16,40,40
1297,435,1159,786,39,28,26,26,1,640,640,16,40,40
1298,436,1119,826,39,27,26,26,1,640,640,16,40,40
1299,437,1076,866,36,26,26,26,1,640,640,16,40,40
1300,438,1116,826,36,27,26,26,1,640,640,16,40,40
1301,439,805,429,5,20,29,29,1,640,640,16,40,40
1302,440,0,589,0,0,29,29,1,640,640,16,40,40
1303,441,805,869,5,20,29,29,1,640,640,16,40,40
1304,441,804,832,4,20,32,32,1,640,640,16,40,40
1305,441,803,952,3,20,32,32,1,640,640,16,40,40
1306,441,802,792,2,20,32,32,1,640,640,16,40,40
1307,441,842,951,2,21,31,31,1,640,640,16,40,40
1308,441,882,830,2,22,30,30,1,640,640,16,40,40
1309,441,922,910,2,23,30,30,1,640,640,16,40,40
1310,441,962,909,2,24,29,29,1,640,640,16,40,40
1311,441,1002,872,2,25,32,32,1,640,640,16,40,40
1312,441,1003,709,3,25,29,29,1,640,640,16,40,40
1313,441,1004,712,4,25,32,32,1,640,640,16,40,40
1314,441,1005,752,5,25,32,32,1,640,640,16,40,40
1315,441,965,711,5,24,31,31,1,640,640,16,40,40
1316,441,925,949,5,23,29,29,1,640,640,16,40,40
1317,441,885,790,5,22,30,30,1,640,640,16,40,40
1318,441,845,829,5,21,29,29,1,640,640,16,40,40
1319,441,843,912,3,21,32,32,1,640,640,16,40,40
1320,441,844,750,4,21,30,30,1,640,640,16,40,40
1321,441,884,911,4,22,31,31,1,640,640,16,40,40
1322,441,924,871,4,23,31,31,1,640,640,16,40,40
1323,441,964,791,4,24,31,31,1,640,640,16,40,40
1324,441,963,751,3,24,31,31,1,640,640,16,40,40
1325,441,923,789,3,23,29,29,1,640,640,16,40,40
1326,441,883,831,3,22,31,31,1,640,640,16,40,40
1327,441,765,950,5,19,30,30,1,640,640,16,40,40
1328,441,764,710,4,19,30,30,1,640,640,16,40,40
1329,441,762,749,2,19,29,29,1,640,640,16,40,40
1330,441,763,870,3,19,30,30,1,640,640,16,40,40
1331,442,762,1193,2,19,33,33,1,640,640,16,40,40
1332,442,802,994,2,20,34,34,1,640,640,16,40,40
1333,442,842,1073,2,21,33,33,1,640,640,16,40,40
1334,442,882,1273,2,22,33,33,1,640,640,16,40,40
1335,442,922,1196,2,23,36,36,1,640,640,16,40,40
1336,442,962,996,2,24,36,36,1,640,640,16,40,40
1337,442,1002,1153,2,25,33,33,1,640,640,16,40,40
1338,442,1042,1036,2,26,36,36,1,640,640,16,40,40
1339,442,1082,1395,2,27,35,35,1,640,640,16,40,40
1340,442,1122,1235,2,28,35,35,1,640,640,16,40,40
1341,442,1162,1275,2,29,35,35,1,640,640,16,40,40
1342,442,1202,1033,2,30,33,33,1,640,640,16,40,40
1343,442,763,1316,3,19,36,36,1,640,640,16,40,40
1344,442,803,1154,3,20,34,34,1,640,640,16,40,40
1345,442,843,1475,3,21,35,35,1,640,640,16,40,40
1346,442,883,1236,3,22,36,36,1,640,640,16,40,40
1347,442,923,1313,3,23,33,33,1,640,640,16,40,40
1348,442,963,1075,3,24,35,35,1,640,640,16,40,40
1349,442,1003,1035,3,25,35,35,1,640,640,16,40,40
1350,442,1043,1194,3,26,34,34,1,640,640,16,40,40
1351,442,1083,1276,3,27,36,36,1,640,640,16,40,40
1352,442,1123,1274,3,28,34,34,1,640,640,16,40,40
1353,442,1163,1034,3,29,34,34,1,640,640,16,40,40
1354,442,1203,1433,3,30,33,33,1,640,640,16,40,40
1355,442,764,1356,4,19,36,36,1,640,640,16,40,40
1356,442,804,1076,4,20,36,36,1,640,640,16,40,40
1357,442,844,1474,4,21,34,34,1,640,640,16,40,40
1358,442,884,1393,4,22,33,33,1,640,640,16,40,40
1359,442,924,1195,4,23,35,35,1,640,640,16,40,40
1360,442,964,955,4,24,35,35,1,640,640,16,40,40
1361,442,1004,1114,4,25,34,34,1,640,640,16,40,40
1362,442,1044,1315,4,26,35,35,1,640,640,16,40,40
1363,442,1084,1156,4,27,36,36,1,640,640,16,40,40
1364,442,1124,1353,4,28,33,33,1,640,640,16,40,40
1365,442,1164,1116,4,29,36,36,1,640,640,16,40,40
1366,442,1204,1355,4,30,35,35,1,640,640,16,40,40
1367,442,765,1473,5,19,33,33,1,640,640,16,40,40
1368,442,805,954,5,20,34,34,1,640,640,16,40,40
1369,442,845,1394,5,21,34,34,1,640,640,16,40,40
1370,442,885,1434,5,22,34,34,1,640,640,16,40,40
1371,442,925,956,5,23,36,36,1,640,640,16,40,40
1372,442,965,1234,5,24,34,34,1,640,640,16,40,40
1373,442,1005,1314,5,25,34,34,1,640,640,16,40,40
1374,442,1045,995,5,26,35,35,1,640,640,16,40,40
1375,442,1085,1233,5,27,33,33,1,640,640,16,40,40
1376,442,723,1155,3,18,35,35,1,640,640,16,40,40
1377,442,724,1113,4,18,33,33,1,640,640,16,40,40
1378,442,725,1354,5,18,34,34,1,640,640,16,40,40
1379,442,683,1435,3,17,35,35,1,640,640,16,40,40
1380,442,684,1074,4,17,34,34,1,640,640,16,40,40
1381,442,685,1115,5,17,35,35,1,640,640,16,40,40
1382,443,1085,549,5,27,29,29,1,640,640,16,40,40
1383,444,1005,549,5,25,29,29,1,640,640,16,40,40
1384,445,1084,549,4,27,29,29,1,640,640,16,40,40
1385,446,1005,549,5,25,29,29,1,640,640,16,40,40
1386,447,805,509,5,20,29,29,1,640,640,16,40,40
1387,448,645,469,5,16,29,29,1,640,640,16,40,40
1388,449,645,426,5,16,26,26,1,640,640,16,40,40
1389,450,805,426,5,20,26,26,1,640,640,16,40,40
1390,451,1076,1285,36,26,5,5,1,640,640,16,40,40
1391,452,1116,1245,36,27,5,5,1,640,640,16,40,40
1392,453,1159,1205,39,28,5,5,1,640,640,16,40,40
1393,454,933,1165,13,23,5,5,1,640,640,16,40,40
1394,455,853,1125,13,21,5,5,1,640,640,16,40,40
1395,456,773,1085,13,19,5,5,1,640,640,16,40,40
1396,457,693,1045,13,17,5,5,1,640,640,16,40,40
1397,458,613,1005,13,15,5,5,1,640,640,16,40,40
1398,459,533,965,13,13,5,5,1,640,640,16,40,40
1399,460,413,925,13,10,5,5,1,640,640,16,40,40
1400,461,0,885,0,0,5,5,1,640,640,16,40,40
1401,462,805,845,5,20,5,5,1,640,640,16,40,40
1402,463,765,805,5,19,5,5,1,640,640,16,40,40
1403,464,685,765,5,17,5,5,1,640,640,16,40,40
1404,465,1042,725,2,26,5,5,1,640,640,16,40,40
1405,466,684,685,4,17,5,5,1,640,640,16,40,40
1406,467,1122,645,2,28,5,5,1,640,640,16,40,40
1407,468,1202,605,2,30,5,5,1,640,640,16,40,40
1408,469,1322,565,2,33,5,5,1,640,640,16,40,40
1409,470,1282,525,2,32,5,5,1,640,640,16,40,40
1410,471,1323,485,3,33,5,5,1,640,640,16,40,40
1411,472,843,685,3,21,5,5,1,640,640,16,40,40
1412,473,645,725,5,16,5,5,1,640,640,16,40,40
1413,474,1480,485,0,37,5,5,1,640,640,16,40,40
1414,475,643,687,3,16,7,7,1,640,640,16,40,40
1415,476,1284,563,4,32,3,3,1,640,640,16,40,40
1416,477,1406,487,6,35,7,7,1,640,640,16,40,40
